<configuration scan="true">
	<property name="LOG_DIR" value="c:/logs/cct-service" />
	
	<!-- appender and rolling policy -->
	<appender name="CCT_APPENDER"
		class="ch.qos.logback.core.rolling.RollingFileAppender">
		<file>${LOG_DIR}/cctService.log</file>
		<encoder
			class="ch.qos.logback.classic.encoder.PatternLayoutEncoder">
			<Pattern>%d{yyyy-MM-dd HH:mm:ss} [%thread] %-5level %logger{36} -%msg%n</Pattern>
		</encoder>

		<rollingPolicy
			class="ch.qos.logback.core.rolling.TimeBasedRollingPolicy">
			<!-- rollover daily -->
			<fileNamePattern>${LOG_DIR}/cctService.%d{yyyy-MM-dd}.%i.log</fileNamePattern>
			<timeBasedFileNamingAndTriggeringPolicy
				class="ch.qos.logback.core.rolling.SizeAndTimeBasedFNATP">
				<maxFileSize>100MB</maxFileSize>
			</timeBasedFileNamingAndTriggeringPolicy>
		</rollingPolicy>
	</appender>

	<logger name="com.vcti.ct" level="debug" additivity="false">
		<appender-ref ref="CCT_APPENDER" />
	</logger>

	<root level="info">
		<appender-ref ref="CCT_APPENDER" />
	</root>
</configuration>